{
  "optimized_ga": {
    "accuracy_mean": 0.9262071106970968,
    "accuracy_std": 0.0269027003829965,
    "nodes_mean": 43.4,
    "nodes_std": 8.890444308357146
  },
  "cart": {
    "accuracy_mean": 0.9279925477410339,
    "accuracy_std": 0.023048111807132864,
    "nodes_mean": 27.4,
    "nodes_std": 3.4409301068170506
  },
  "statistics": {
    "t_statistic": -0.23610056044292294,
    "p_value": 0.8249513480174295,
    "cohens_d": -0.07127590460607194
  }
}